{"cameraMode":{"drawMode":0,"name":"Shaded","section":"Shading Mode"},"sceneLighting":true,"audioPlay":false,"sceneViewState":{"m_AlwaysRefresh":false,"showFog":true,"showSkybox":true,"showFlares":true,"showImageEffects":true,"showParticleSystems":true,"showVisualEffectGraphs":true,"m_FxEnabled":true},"in2DMode":false,"pivot":{"x":0.2412564754486084,"y":0.044707298278808597,"z":0.7004573345184326},"rotation":{"x":0.2926616668701172,"y":0.21142776310443879,"z":-0.06652596592903137,"w":0.9302210807800293},"size":1.2968850135803223,"orthographic":false}