{"cameraMode":{"drawMode":0,"name":"Shaded","section":"Shading Mode"},"sceneLighting":true,"audioPlay":false,"sceneViewState":{"m_AlwaysRefresh":false,"showFog":true,"showSkybox":true,"showFlares":true,"showImageEffects":true,"showParticleSystems":true,"showVisualEffectGraphs":true,"m_FxEnabled":true},"in2DMode":false,"pivot":{"x":0.0578247606754303,"y":-0.014510750770568848,"z":-0.295433908700943},"rotation":{"x":-0.30622410774230959,"y":-0.6336807608604431,"z":0.3016723096370697,"w":-0.6432554721832275},"size":1.3303881883621216,"orthographic":false}