{"cameraMode":{"drawMode":0,"name":"Shaded","section":"Shading Mode"},"sceneLighting":true,"audioPlay":false,"sceneViewState":{"m_AlwaysRefresh":false,"showFog":true,"showSkybox":true,"showFlares":true,"showImageEffects":true,"showParticleSystems":true,"showVisualEffectGraphs":true,"m_FxEnabled":true},"in2DMode":false,"pivot":{"x":-0.21823439002037049,"y":-2.0552902221679689,"z":0.726620614528656},"rotation":{"x":0.5345339775085449,"y":-0.16547513008117677,"z":0.10747767239809036,"w":0.8218870162963867},"size":2.919659376144409,"orthographic":false}