{"cameraMode":{"drawMode":0,"name":"Shaded","section":"Shading Mode"},"sceneLighting":true,"audioPlay":false,"sceneViewState":{"m_AlwaysRefresh":false,"showFog":true,"showSkybox":true,"showFlares":true,"showImageEffects":true,"showParticleSystems":true,"showVisualEffectGraphs":true,"m_FxEnabled":true},"in2DMode":false,"pivot":{"x":0.5033999681472778,"y":-0.299135684967041,"z":-0.7797887325286865},"rotation":{"x":-0.016843382269144059,"y":0.9140360951423645,"z":-0.4036004841327667,"w":-0.03813198581337929},"size":1.6021766662597657,"orthographic":false}