{"cameraMode":{"drawMode":0,"name":"Shaded","section":"Shading Mode"},"sceneLighting":true,"audioPlay":false,"sceneViewState":{"m_AlwaysRefresh":false,"showFog":true,"showSkybox":true,"showFlares":true,"showImageEffects":true,"showParticleSystems":true,"showVisualEffectGraphs":true,"m_FxEnabled":true},"in2DMode":false,"pivot":{"x":-0.3505392074584961,"y":0.6507995128631592,"z":0.12448247522115708},"rotation":{"x":-0.2013462483882904,"y":0.5665068030357361,"z":-0.14513562619686128,"w":-0.7858540415763855},"size":0.552314043045044,"orthographic":false}